{"cameraMode":{"drawMode":0,"name":"Shaded","section":"Shading Mode"},"sceneLighting":false,"audioPlay":false,"sceneViewState":{"showFog":true,"showMaterialUpdate":true,"showSkybox":true,"showFlares":true,"showImageEffects":true,"showParticleSystems":true},"in2DMode":false,"pivot":{"x":13.707486152648926,"y":-7.856930732727051,"z":6.185262680053711},"rotation":{"x":-0.20393699407577516,"y":-0.5455077290534973,"z":0.13889360427856446,"w":-0.8009617328643799},"size":22.19222640991211,"orthographic":false}