{"cameraMode":{"drawMode":0,"name":"Shaded","section":"Shading Mode"},"sceneLighting":true,"audioPlay":false,"sceneViewState":{"showFog":true,"showMaterialUpdate":true,"showSkybox":true,"showFlares":true,"showImageEffects":true,"showParticleSystems":true},"in2DMode":false,"pivot":{"x":-24.21054458618164,"y":3.049992084503174,"z":17.505691528320314},"rotation":{"x":0.039840225130319598,"y":-0.3356350362300873,"z":0.014209195040166378,"w":0.9410420060157776},"size":36.30493927001953,"orthographic":false}