{"cameraMode":{"drawMode":0,"name":"Shaded","section":"Shading Mode"},"sceneLighting":false,"audioPlay":false,"sceneViewState":{"showFog":true,"showMaterialUpdate":true,"showSkybox":true,"showFlares":true,"showImageEffects":true,"showParticleSystems":true},"in2DMode":false,"pivot":{"x":-6.498932361602783,"y":-3.6817831993103029,"z":-3.0419275760650636},"rotation":{"x":-0.12601694464683534,"y":0.8187580704689026,"z":-0.19673410058021546,"w":-0.5244527459144592},"size":8.370197296142579,"orthographic":false}