{"cameraMode":{"drawMode":0,"name":"Shaded","section":"Shading Mode"},"sceneLighting":false,"audioPlay":false,"sceneViewState":{"showFog":true,"showMaterialUpdate":true,"showSkybox":true,"showFlares":true,"showImageEffects":true,"showParticleSystems":true},"in2DMode":false,"pivot":{"x":11.45122241973877,"y":-4.159021377563477,"z":2.3535549640655519},"rotation":{"x":0.1355612426996231,"y":0.629752516746521,"z":-0.11284906417131424,"w":0.7565051913261414},"size":15.386950492858887,"orthographic":false}