{"cameraMode":{"drawMode":0,"name":"Shaded","section":"Shading Mode"},"sceneLighting":false,"audioPlay":false,"sceneViewState":{"showFog":true,"showMaterialUpdate":true,"showSkybox":true,"showFlares":true,"showImageEffects":true,"showParticleSystems":true},"in2DMode":false,"pivot":{"x":-0.043293297290802,"y":0.01994207501411438,"z":-0.01505550742149353},"rotation":{"x":-0.00002124738966813311,"y":-0.9998078346252441,"z":-0.0011530460324138404,"w":0.019572526216506959},"size":3.7412595748901369,"orthographic":false}