{"cameraMode":{"drawMode":0,"name":"Shaded","section":"Shading Mode"},"sceneLighting":false,"audioPlay":false,"sceneViewState":{"showFog":true,"showMaterialUpdate":true,"showSkybox":true,"showFlares":true,"showImageEffects":true,"showParticleSystems":true},"in2DMode":false,"pivot":{"x":0.49800002574920657,"y":1.1160000562667847,"z":19.209999084472658},"rotation":{"x":0.17354919016361237,"y":0.4112739562988281,"z":-0.0800863653421402,"w":0.8912466764450073},"size":2.8578836917877199,"orthographic":false}