{"cameraMode":{"drawMode":0,"name":"Shaded","section":"Shading Mode"},"sceneLighting":false,"audioPlay":false,"sceneViewState":{"showFog":true,"showMaterialUpdate":true,"showSkybox":true,"showFlares":true,"showImageEffects":true,"showParticleSystems":true},"in2DMode":false,"pivot":{"x":4.24652624130249,"y":0.6006708145141602,"z":-0.15543723106384278},"rotation":{"x":0.25006651878356936,"y":-0.13656167685985566,"z":0.035654980689287189,"w":0.9578864574432373},"size":3.377173900604248,"orthographic":false}