{"cameraMode":{"drawMode":0,"name":"Shaded","section":"Shading Mode"},"sceneLighting":false,"audioPlay":false,"sceneViewState":{"showFog":true,"showMaterialUpdate":true,"showSkybox":true,"showFlares":true,"showImageEffects":true,"showParticleSystems":true},"in2DMode":false,"pivot":{"x":0.03705187141895294,"y":-0.6870676279067993,"z":0.2676689028739929},"rotation":{"x":-0.02172909677028656,"y":0.9496793150901794,"z":-0.3050597012042999,"w":-0.06764405965805054},"size":1.2202718257904053,"orthographic":false}