{"cameraMode":{"drawMode":0,"name":"Shaded","section":"Shading Mode"},"sceneLighting":true,"audioPlay":false,"sceneViewState":{"showFog":true,"showMaterialUpdate":true,"showSkybox":true,"showFlares":true,"showImageEffects":true,"showParticleSystems":true},"in2DMode":false,"pivot":{"x":27.072406768798829,"y":-1.3334131240844727,"z":-30.245620727539064},"rotation":{"x":0.018001852557063104,"y":0.9781733751296997,"z":-0.09602124989032746,"w":0.18339215219020844},"size":54.57069778442383,"orthographic":false}