{"cameraMode":{"drawMode":0,"name":"Shaded","section":"Shading Mode"},"sceneLighting":false,"audioPlay":false,"sceneViewState":{"showFog":true,"showMaterialUpdate":true,"showSkybox":true,"showFlares":true,"showImageEffects":true,"showParticleSystems":true},"in2DMode":false,"pivot":{"x":-0.037618644535541537,"y":-0.1123189926147461,"z":-1.120344638824463},"rotation":{"x":-0.0038297998253256084,"y":-0.9736588597297669,"z":0.016404855996370317,"w":-0.22738660871982575},"size":3.743821382522583,"orthographic":false}