{"cameraMode":{"drawMode":0,"name":"Shaded","section":"Shading Mode"},"sceneLighting":true,"audioPlay":false,"sceneViewState":{"showFog":true,"showMaterialUpdate":true,"showSkybox":true,"showFlares":true,"showImageEffects":true,"showParticleSystems":true},"in2DMode":false,"pivot":{"x":-94.76476287841797,"y":-21.4885196685791,"z":82.71441650390625},"rotation":{"x":0.08620031177997589,"y":-0.4677485525608063,"z":0.04589851573109627,"w":0.8784498572349548},"size":197.90589904785157,"orthographic":false}