{"cameraMode":{"drawMode":0,"name":"Shaded","section":"Shading Mode"},"sceneLighting":false,"audioPlay":false,"sceneViewState":{"showFog":true,"showMaterialUpdate":true,"showSkybox":true,"showFlares":true,"showImageEffects":true,"showParticleSystems":true},"in2DMode":false,"pivot":{"x":0.3350614309310913,"y":0.456016480922699,"z":-0.1870112419128418},"rotation":{"x":0.13749250769615174,"y":-0.4301178753376007,"z":0.06646432727575302,"w":0.8897623419761658},"size":1.8587274551391602,"orthographic":false}