{"cameraMode":{"drawMode":0,"name":"Shaded","section":"Shading Mode"},"sceneLighting":true,"audioPlay":false,"sceneViewState":{"showFog":true,"showMaterialUpdate":true,"showSkybox":true,"showFlares":true,"showImageEffects":true,"showParticleSystems":true},"in2DMode":false,"pivot":{"x":-89.27320098876953,"y":11.15310001373291,"z":-107.2026596069336},"rotation":{"x":0.008495577611029148,"y":0.9331756830215454,"z":0.02210690826177597,"w":-0.35863950848579409},"size":169.94424438476563,"orthographic":false}