{"cameraMode":{"drawMode":0,"name":"Shaded","section":"Shading Mode"},"sceneLighting":false,"audioPlay":false,"sceneViewState":{"showFog":true,"showMaterialUpdate":true,"showSkybox":true,"showFlares":true,"showImageEffects":true,"showParticleSystems":true},"in2DMode":false,"pivot":{"x":-0.9922510385513306,"y":0.5,"z":21.742992401123048},"rotation":{"x":0.17087014019489289,"y":0.7125553488731384,"z":-0.18600547313690186,"w":0.6545763611793518},"size":2.857884645462036,"orthographic":false}