{"cameraMode":{"drawMode":0,"name":"Shaded","section":"Shading Mode"},"sceneLighting":false,"audioPlay":false,"sceneViewState":{"showFog":true,"showMaterialUpdate":true,"showSkybox":true,"showFlares":true,"showImageEffects":true,"showParticleSystems":true},"in2DMode":false,"pivot":{"x":0.0016064494848251343,"y":-0.26055753231048586,"z":0.43656736612319949},"rotation":{"x":0.21767973899841309,"y":-0.28691166639328005,"z":0.06712091714143753,"w":0.9304794669151306},"size":1.5202717781066895,"orthographic":false}