{"cameraMode":{"drawMode":0,"name":"Shaded","section":"Shading Mode"},"sceneLighting":false,"audioPlay":false,"sceneViewState":{"showFog":true,"showMaterialUpdate":true,"showSkybox":true,"showFlares":true,"showImageEffects":true,"showParticleSystems":true},"in2DMode":false,"pivot":{"x":-0.2563401460647583,"y":-0.4703505039215088,"z":0.09654343128204346},"rotation":{"x":-0.06749845296144486,"y":0.9239600896835327,"z":-0.19289329648017884,"w":-0.3233170807361603},"size":1.2202718257904053,"orthographic":false}