{"cameraMode":{"drawMode":0,"name":"Shaded","section":"Shading Mode"},"sceneLighting":true,"audioPlay":false,"sceneViewState":{"showFog":true,"showMaterialUpdate":true,"showSkybox":true,"showFlares":true,"showImageEffects":true,"showParticleSystems":true},"in2DMode":false,"pivot":{"x":-25.895042419433595,"y":-17.63763999938965,"z":-14.653966903686524},"rotation":{"x":0.06827572733163834,"y":-0.9226633310317993,"z":0.19265905022621156,"w":0.3269760310649872},"size":50.073421478271487,"orthographic":false}